"BROKEN","EPIC","FAILED","FEATURE","PASSED","SKIPPED","STORY","UNKNOWN"
"1","","0","Checkout","0","0","Complete a purchase of a single product","0"
"1","","0","Checkout","0","0","problem_user cannot complete checkout because the last name field is broken","0"
"1","","0","Cart","0","0","Adding and removing items updates the cart badge","0"
"0","","0","Login","3","0","Login is rejected for invalid credentials","0"
"0","","0","Login","1","0","Successful login with a pooled user","0"
"1","","0","Cart","0","0","Items added to the cart appear on the checkout overview","0"
"2","","0","Checkout","0","0","Complete a purchase of multiple products","0"
"1","","0","Checkout","0","0","Checkout requires a postal code","0"
"0","","0","Login","1","0","A locked-out user is rejected at login","0"
